{"Communication Cost": 123.9543867111206, "_timestamp": 1659591912, "_runtime": 33, "_step": 1, "Selected Clients 0": 0, "Selected Clients 1": 0, "Selected Clients 2": 0, "Selected Clients 3": 0, "Selected Clients 4": 0, "Selected Clients 5": 80.88283264636993, "Selected Clients 6": 80.57071125507355, "Selected Clients 7": 78.34927606582642, "Selected Clients 8": 81.97131395339966, "Selected Clients 9": 82.39211702346802, "_wandb": {"runtime": 30}}