{"Communication Cost": 123.9543867111206, "_timestamp": 1659591475, "_runtime": 34, "_step": 1, "Selected Clients 0": 0, "Selected Clients 1": 0, "Selected Clients 2": 0, "Selected Clients 3": 0, "Selected Clients 4": 0, "Selected Clients 5": 81.51477289199829, "Selected Clients 6": 81.25398933887482, "Selected Clients 7": 79.09794688224792, "Selected Clients 8": 82.66238605976105, "Selected Clients 9": 82.70032846927643, "_wandb": {"runtime": 32}}