{"Communication Cost": 123.9543867111206, "_timestamp": 1659592095, "_runtime": 33, "_step": 1, "Selected Clients 0": 0, "Selected Clients 1": 0, "Selected Clients 2": 0, "Selected Clients 3": 0, "Selected Clients 4": 0, "Selected Clients 5": 80.91916477680206, "Selected Clients 6": 80.67666590213776, "Selected Clients 7": 78.51318275928497, "Selected Clients 8": 82.03896462917328, "Selected Clients 9": 82.28116691112518, "_wandb": {"runtime": 31}}