{"Communication Cost": 123.9543867111206, "_timestamp": 1659592181, "_runtime": 33, "_step": 1, "Selected Clients 0": 0, "Selected Clients 1": 0, "Selected Clients 2": 0, "Selected Clients 3": 0, "Selected Clients 4": 0, "Selected Clients 5": 81.14704191684723, "Selected Clients 6": 80.77314734458923, "Selected Clients 7": 78.7466527223587, "Selected Clients 8": 82.28804922103882, "Selected Clients 9": 82.56915235519409, "_wandb": {"runtime": 30}}