{"Communication Cost": 123.9543867111206, "_timestamp": 1659591759, "_runtime": 33, "_step": 1, "Selected Clients 0": 0, "Selected Clients 1": 0, "Selected Clients 2": 0, "Selected Clients 3": 0, "Selected Clients 4": 0, "Selected Clients 5": 81.65694200992584, "Selected Clients 6": 81.4435566663742, "Selected Clients 7": 79.40552365779877, "Selected Clients 8": 82.89923107624054, "Selected Clients 9": 83.17117285728455, "_wandb": {"runtime": 30}}